{
	"Objects": [{
		"EmployeeId": "800612",
		"EmployeeName": "Sreenadh",
		"Designation": "Technical cunsultant",
		"PhoneNo": "9999988888"
	}, {
		"EmployeeId": "800613",
		"EmployeeName": "Venkat",
		"Designation": "ABAP Developer",
		"PhoneNo": "9999977777"
	}, {
		"EmployeeId": "800614",
		"EmployeeName": "Vamsi",
		"Designation": "ABAP Developer",
		"PhoneNo": "95555588888"
	}, {
		"EmployeeId": "800615",
		"EmployeeName": "Ramu",
		"Designation": "Odata Developer",
		"PhoneNo": "9999955555"
	}, {
		"EmployeeId": "800612",
		"EmployeeName": "Sreenadh",
		"Designation": "Technical cunsultant",
		"PhoneNo": "9999988888"
	}, {
		"EmployeeId": "800616",
		"EmployeeName": "Jakeer",
		"Designation": "Accountant",
		"PhoneNo": "9998887772"
	}, {
		"EmployeeId": "800617",
		"EmployeeName": "Sathya",
		"Designation": "Accountant",
		"PhoneNo": "7777755555"
	}, {
		"EmployeeId": "800618",
		"EmployeeName": "Bhanu",
		"Designation": "Java Developer",
		"PhoneNo": "9999988812"
	}, {
		"EmployeeId": "800619",
		"EmployeeName": "Sreeram",
		"Designation": "Odata Developer",
		"PhoneNo": "9912388888"
	}, {
		"EmployeeId": "800620",
		"EmployeeName": "Koti",
		"Designation": "Functional Cunsultant",
		"PhoneNo": "90123988888"
	}, {
		"EmployeeId": "800621",
		"EmployeeName": "Uday",
		"Designation": "Functional Cunsultant",
		"PhoneNo": "9999980123"
	}]
}